"conversation_id_str","created_at","favorite_count","full_text","id_str","image_url","in_reply_to_screen_name","lang","location","quote_count","reply_count","retweet_count","tweet_url","user_id_str","username"
"1792564365545316599","Mon May 20 14:33:43 +0000 2024","13","NovAI pelopori masa depan game AI di dunia #Web3 di @avaland_network guys! Menjanjikan kreativitas tanpa akhir dan pengalaman yg dipersonalisasi bagi pengguna #AvaLand berdedikasi utk rayakan keunikan &amp; kembangkan hiburan yg dipersonalisasi pada tingkat tertinggi #Avalanche","1792564365545316599","","","in","Batang, Indonesia","0","0","9","https://x.com/feemafaa/status/1792564365545316599","1629291534","feemafaa"
"1786781953993363871","Sat May 04 15:36:29 +0000 2024","0","Masa Depan Call Center: AI Siap Gantikan Pekerja Dalam Setahun https://t.co/9ctwYx0cpx https://t.co/YvNFDbV7u6","1786781953993363871","https://pbs.twimg.com/media/GMvstjjbEAAZIUO.jpg","","in","Mojokerto","0","0","0","https://x.com/sorbansantri/status/1786781953993363871","1199828612322480130","sorbansantri"
"1796049146043940925","Thu May 30 05:21:00 +0000 2024","0","10.) Atlas (2024) Huftt.. berapa kali gua bilang film genre action/adventure itu seru parah tapi kalo MC nya cewek ngga dulu deh. Pusing gua. Oke intinya ini film cukup bagus ya setting di masa depan gelud sama AI yang gua akui di sini CGI sama cinematographynya jd tertolong","1796049146043940925","","","in","Planet Namex","0","0","0","https://x.com/laufeyrez/status/1796049146043940925","1133914410550824960","laufeyrez"
"1794669808233181458","Sun May 26 10:00:00 +0000 2024","4","Beberapa tahun mendatang Augmented Reality dan Virtual Reality akan menggantikan peran smartphone dengan dukungan Artificial Intelligence.Penasaran teknologi apa saja yang jadi pengganti Smartphone di masa depan? Simak video berikut ini! #detikinet #teknologi #AR #VR #AI https://t.co/qErll6ue77","1794669808233181458","https://pbs.twimg.com/ext_tw_video_thumb/1792461063621074944/pu/img/J2Yn2zu-WUqJIiK-.jpg","","in","Jakarta, Indonesia","0","0","0","https://x.com/detikinet/status/1794669808233181458","135815019","detikinet"
"1797202946767356038","Sun Jun 02 09:45:47 +0000 2024","6","Di masa depan 70 persen anggota DPR akan digantikan dengan Model LLM + Multimodal + Reinforcment Learning (AI) atau model baru dimasa depan yang lebih dipercaya masyarakat. Atau bahkan Reinforcment Learning akan membentuk partainya sendiri membentuk ideologinya sendiri","1797202946767356038","","","in","","0","2","1","https://x.com/xaszeem/status/1797202946767356038","1589953725858082817","xaszeem"
"1795617606290096239","Wed May 29 00:46:12 +0000 2024","8","Pagi Love luv ai beb&amp; kesayangan. Hari ini mencoba yg baru tp tak lupa dgn yg lama Semoga kita bisa menjadi versi terbaik diri kita. Jgn mengejar masa depan tapi lupa menikmati masa indahmu hari ini. Dan jg jgn memuaskan nafsu melupakan masa depan. miss u kesayanganku https://t.co/32lMWJ2VL8","1795617606290096239","https://pbs.twimg.com/media/GOtQr3maoAAuk5x.jpg","","in","","0","2","0","https://x.com/gunaindra4/status/1795617606290096239","1308013676725547008","gunaindra4"
"1790607799203885518","Wed May 15 04:59:01 +0000 2024","2","Survei ini dimaksudkan untuk mencari tahu bagaimana Anda memanfaatkan Generative AI di kehidupan sehari-hari. Kami berharap survei ini dapat menggambarkan dampak Generative AI di hari ini maupun masa depan. Link survei: https://t.co/x9CBWlrVXV Periode hingga 17 Mei 2024 https://t.co/i0UK21LUUL","1790607799203885518","https://pbs.twimg.com/media/GNmETLoWwAIsLNR.jpg","","in","Jakarta, Indonesia","0","0","0","https://x.com/InfoKomputer/status/1790607799203885518","59357428","InfoKomputer"
"1790626818615349574","Wed May 15 06:14:36 +0000 2024","0","Annyeong Pribadi Raharja! Siang ini berlangsung acara Seminar Nasional Marketing 5.0 berbasis Artificial Intelligence nih di Universitas Raharja. Ini bukan seminar biasa tapi pandangan ke masa depan di mana AI menjadi kekuatan utama dalam interaksi dan komunikasi https://t.co/WSi69uXNRf","1790626818615349574","https://pbs.twimg.com/media/GNmVga4bgAAqhws.jpg","","in","Tangerang, Indonesia","0","0","0","https://x.com/Campus_Raharja/status/1790626818615349574","378385828","Campus_Raharja"
"1798328708706730304","Wed Jun 05 12:19:10 +0000 2024","0","Klo artist gak punya masa depan karena AI lalu mereka quit Art karna alasan tsb... Entah knp tp ak kecewa karna simpelnya berarti kalian ngambar bukan karena suka... Lantas selama ini yg dilakukan apa dong? Ikr AI tuh sngt merugikan artist tp emng artinya kalian ninggalin aja?","1798328708706730304","","","in","WITA","0","1","0","https://x.com/sakuma_ryu/status/1798328708706730304","1424899639031959552","sakuma_ryu"
"1800082406239883503","Mon Jun 10 08:27:44 +0000 2024","0","Gue juga mikir dia pasti bisa liat gwiju masa depan juga ","1800082406239883503","","","in","","0","0","0","https://x.com/aiu_aii/status/1800082406239883503","1580951067407175681","aiu_aii"
"1799003868107514360","Fri Jun 07 09:02:00 +0000 2024","1","Bisnis kamu siap menghadapi masa depan ? Di #GoogleCloudSummit Jakarta Global Managing Director of AI Business dan Applied Engineering kami menekankan kekuatan transformatif #AI. Bersama kita eksplor bagaimana AI dapat meningkatkan bisnis kamu https://t.co/0k7T0xxy8r","1799003868107514360","https://pbs.twimg.com/media/GPcVpv6WgAADhUC.jpg","","in","Indonesia","0","0","1","https://x.com/GoogleCloud_ID/status/1799003868107514360","1225290542688305152","GoogleCloud_ID"
"1791651363723886769","Sat May 18 02:05:47 +0000 2024","1"," Bergabunglah dengan perubahan revolusioner di dunia AI! Zenqira pionir dalam era digital AI Training menghadirkan daya komputasi terdesentralisasi untuk memenuhi tuntutan masa depan. #CloudComputing #AI #Decentralization #TechRevolution #Zenqira https://t.co/Ltv5NphOvC","1791651363723886769","https://pbs.twimg.com/media/GN05WFEXcAAVlmg.jpg","","in","BSD - Tangerang Selatan","0","0","0","https://x.com/dgoldpreneur/status/1791651363723886769","527504803","dgoldpreneur"
"1800051087086678441","Mon Jun 10 06:23:17 +0000 2024","0","Kehadiran AI bisa jadi peluang sekaligus ancaman bagi kita. Untuk itu penting bagi kita untuk mengetahui bagaimana cara menemukan jurusan dan karir yang sejalan dengan perkembangan teknologi AI agar masa depan tetap cerah. https://t.co/G2rc4aMlhl","1800051087086678441","","","in","Jakarta Capital Region","0","0","0","https://x.com/awanmalangit/status/1800051087086678441","164186014","awanmalangit"
"1789646589205889352","Sun May 12 13:19:31 +0000 2024","12","Tiba-tiba kepikiran. Di era otomasi ini ketika berbagai fungsi kerja manusia (coding teknisi desain nulis dll) dapat diganti oleh robot/kecerdasan buatan apakah kerja antropolog juga dapat diotomasi? Mampukah AI di masa depan melakukan etnografi or jagongan bersama warga?","1789646589205889352","","","in","","0","5","2","https://x.com/Rafilsafat/status/1789646589205889352","1394861409356316674","Rafilsafat"
"1788947813696745495","Fri May 10 15:02:50 +0000 2024","3","Masa depan AI telah hadir untuk #ISV! #NVIDIAH100 membuka era baru komputasi AI ciptakan solusi AI canggih luncurkan inovasi lebih cepat &amp; tingkatkan pengalaman pelanggan! Bukan hanya #GPU H100 adalah katalisator transformasi ISV! #Lintasarta #EmpoweringYourFuture https://t.co/JOVMQ2659d","1788947813696745495","https://pbs.twimg.com/media/GNOecQ8bkAADDZS.jpg","","in","Thamrin - Jakarta Pusat","0","0","0","https://x.com/Lintasarta/status/1788947813696745495","61208352","Lintasarta"
"1799976305708191808","Mon Jun 10 01:26:07 +0000 2024","0","Siapkan Anak menghadapi tantangan AI di masa depan. Biar anak bisa lebih besar mendapat peluang kerja. Bahkan bisa menciptkan peluang kerja baru. https://t.co/SOFOBgCYtU","1799976305708191808","","","in","Kebumen","0","0","0","https://x.com/Bambangirwant12/status/1799976305708191808","1013171276","Bambangirwant12"
"1797444367520801104","Mon Jun 03 01:45:06 +0000 2024","7","KALAU DIPIKIR¬≤ LAGI BELIAU INI KAYAK BISA BACA MASA DEPAN AI SEKARANG MERAJALELA BAHKAN SAMPAI ADA PENELITIAN BIKIN CLONINGAN DARI AI DI REALISASIKAN KE RL Bersyukur banget wondla di tayangin tahun ini karena sangat¬≤ relate sama kehidupan sekarang. Wonderland Team ganbatte","1797444367520801104","","","in","","0","0","0","https://x.com/__seulilangka/status/1797444367520801104","1628477947505180672","__seulilangka"
"1790593061464240482","Wed May 15 04:00:28 +0000 2024","0"," AI akan membahayakan manusia di masa depan! AI now:","1790593061464240482","","","in","","0","0","0","https://x.com/ayamdreampop/status/1790593061464240482","1241724614197145600","ayamdreampop"
"1796060808293576742","Thu May 30 06:07:20 +0000 2024","0","Kekhawatiran di Masa Depan ! Apakah AI Akan Buat Manusia Nganggur ? https://t.co/fRAGPXStFC","1796060808293576742","","","in","Bangkalan, Jawa Timur,","0","0","0","https://x.com/RadarBangkalan/status/1796060808293576742","1733752884188295168","RadarBangkalan"
"1799102033930465778","Fri Jun 07 15:32:05 +0000 2024","0","gatau deh baik masa depan sm masa lalu ada hal yg g pgn ai ulangi atau ngerti lagi","1799102033930465778","","","in","Pluto","0","0","0","https://x.com/cilacilalaaa/status/1799102033930465778","1258366743874899968","cilacilalaaa"
"1790587403591401728","Wed May 15 03:37:59 +0000 2024","0","Case seperti ini bakal muncul sering di masa depan ketika AI sudah jadi teman hidup ketika teknologi perangkat VR sudah pasaran. Dalam hal ini karena LLM merupakan tools dan human as decision makers. Maka jika ada case spt ini tetap dikategorikan sbg human error.","1790587403591401728","","","in","ITS Surabaya","0","1","0","https://x.com/wahibmuhibi/status/1790587403591401728","815468746387181568","wahibmuhibi"
"1795369217392624080","Tue May 28 08:19:12 +0000 2024","1","Teknologi AI Membuat Manusia Jadi Nganggur di Masa Depan? https://t.co/kVqs8dtXNF","1795369217392624080","","","in","Jakarta","0","0","0","https://x.com/BloombergTZ/status/1795369217392624080","1582972008479920129","BloombergTZ"
"1794231924174815590","Sat May 25 05:00:00 +0000 2024","0"," Yuk Mates! Hari ini mari kita refleksikan lagi bagaimana AI akan membentuk masa depan kita. Ada ide atau prediksi tentang peran AI di masa depan yang ingin kamu bagikan? #FutureTech #AIinFuture","1794231924174815590","","","in","+62 and all around the world!","0","0","0","https://x.com/dipdop_id/status/1794231924174815590","2451240902","dipdop_id"
"1797638796164444215","Mon Jun 03 14:37:42 +0000 2024","0","Baru! AMD Ryzen AI 300 Series dan MSI A16 AI+: Laptop Masa Depan untuk Gaming dan Produktivitas. Prosesor Ryzen AI 300 unggul dalam kecerdasan buatan. MSI hadir dengan empat varian laptop unggulan. Baca selengkapnya di sini: https://t.co/zvWtuKLVAW https://t.co/VrOHfPGSPV","1797638796164444215","https://pbs.twimg.com/media/GPJ-9WFXAAAoGz9.jpg","","in","CP :  -","0","0","0","https://x.com/patutdiretweet/status/1797638796164444215","1026103176","patutdiretweet"
"1790622183154450463","Wed May 15 05:56:11 +0000 2024","4","yoih momen artifisial ga bikin kesan mendalam seperti di foto prewed beneran. cerita fabrikasi prewed ai tidak akan menimbulkan rindu saat dilihat lagi di masa depan. bandingin: emang kapan kita ke paris? vs kok mau maunya dulu kita jongkok kaya gitu di depan govinda ya? ","1790622183154450463","","","in","Bali, Indonesia","0","0","1","https://x.com/commaditya/status/1790622183154450463","66617415","commaditya"
"1787892355934351721","Tue May 07 17:08:49 +0000 2024","10","Meskipun AI Agents terlihat seperti mainan sekarang di masa depan teknologi ini bakal jadi salah satu Teknologi utama yang mungkin akan di gunakan oleh mayoritas Trader Crypto. Ingat AI adalah masa depan","1787892355934351721","","","in","West Virginia, USA","0","0","0","https://x.com/AlwaysBeenChoze/status/1787892355934351721","1713606095435096064","AlwaysBeenChoze"
"1799607681944268921","Sun Jun 09 01:01:21 +0000 2024","36","Di masa depan Ketika Otak udah gak digunakan kalah dengan AI https://t.co/7hoPCYgyIu https://t.co/AWVWegW7uO","1799607681944268921","https://pbs.twimg.com/media/GPl9pUpbMAAFhD_.jpg","","in","Indonesia","0","0","1","https://x.com/onecak/status/1799607681944268921","491057617","onecak"
"1797638786098032980","Mon Jun 03 14:37:39 +0000 2024","0","Baru! AMD Ryzen AI 300 Series dan MSI A16 AI+: Laptop Masa Depan untuk Gaming dan Produktivitas. Prosesor Ryzen AI 300 unggul dalam kecerdasan buatan. MSI hadir dengan empat varian laptop unggulan. Baca selengkapnya di sini: https://t.co/8sSt8KAx8C https://t.co/xjLmzoUEAF","1797638786098032980","https://pbs.twimg.com/media/GPJ-8wyWUAAV0yp.jpg","","in","Indonesia","0","0","0","https://x.com/androidPonsel_/status/1797638786098032980","615964857","androidPonsel_"
"1793170548694176053","Wed May 22 06:42:28 +0000 2024","64","Aku sedih kalau kau spend masa muda jadi cytro. Nanti kau grow up into papagomo &amp; parpukari. Sedih. Sambil jadi cytro aku harap korang amik certification yg aws dan microsoft buat. Yayasan peneraju pun ada training program korang boleh join. Ada peluang masa depan cerah.","1793170548694176053","","","in","Kuala Lumpur","5","3","18","https://x.com/erhanazrai/status/1793170548694176053","140515542","erhanazrai"
"1790358904314229074","Tue May 14 12:30:00 +0000 2024","0","Di masa depan AI masuk kurikulum anak SD kali ya","1790358904314229074","","","in","Sleman, Yogyakarta","0","0","0","https://x.com/Ignatius_Tri/status/1790358904314229074","1646508836","Ignatius_Tri"
"1795087342417465494","Mon May 27 13:39:08 +0000 2024","13","10 160 remaja tak ambil SPM ni angka sangat merisaukan yang juga bakal melahirkan generasi yg tidak upaya dan tertindas dgn powerya AI ke depan nanti Masa depan semakin jelas manusia perlu jadi lebih bijak untuk hidup Era kerja secara repetitif akan mula beransur tapi dinamik","1795087342417465494","","","in","Nomad ","0","0","3","https://x.com/wolfipali/status/1795087342417465494","1230538993852280832","wolfipali"
"1794929858675659049","Mon May 27 03:13:21 +0000 2024","0","I just published Masa Depan AI Menurut Mantan CEO Google Eric Schmidt https://t.co/JtuVtGZcGy","1794929858675659049","","","en","√úT: 1.298268,103.771425","0","0","0","https://x.com/kukuhtw/status/1794929858675659049","6057282","kukuhtw"
"1797162456470749340","Sun Jun 02 07:04:53 +0000 2024","2","4 Juni - 11AM WIB Bergabunglah dengan kami untuk menonton Summit IO secara langsung dan lihat apa yang @ionet Tim sediakan untuk masa depan komputasi AI yang terdesentralisasi. https://t.co/Ia7JfMBHq2","1797162456470749340","","","in","","0","0","0","https://x.com/Donutz_IONET/status/1797162456470749340","1761294712705794048","Donutz_IONET"
"1780478262323597715","Wed Apr 17 06:07:52 +0000 2024","0","Menavigasi Masa Depan AI: Perspektif dan Tantangan https://t.co/Icr6Pr6CiL","1780478262323597715","","","in","LABUAN BAJO, FLORES","0","0","0","https://x.com/FritzM84906757/status/1780478262323597715","1155439685675601927","FritzM84906757"
"1792374687898710452","Mon May 20 02:00:00 +0000 2024","0"," Selamat pagi Mates! Mari kita mulai minggu ini dengan menjelajahi masa depan AI dan bagaimana hal itu membentuk dunia kita di DIPDOP! https://t.co/xwvvwqypyg","1792374687898710452","https://pbs.twimg.com/tweet_video_thumb/GMoaYKvaIAAfd2r.jpg","","in","+62 and all around the world!","0","0","0","https://x.com/dipdop_id/status/1792374687898710452","2451240902","dipdop_id"
"1796407302121226537","Fri May 31 05:04:11 +0000 2024","2","live podcast dari AI For Good Global Summit ttg 'Dampak AI &amp; Tantangan Masa Depan' langsung dari Jenewa - Swiss. Ô∏è 31 Mei 2024 ‚è∞ 13.30 - 14.30 ‚≠ê Narsum: Pakar Internet @onnowpurbo Ph.D (Jakarta) &amp; tim ICT Watch (Jenewa) *bersertifikat https://t.co/icKYgeHN9O x/@donnybu https://t.co/98dyki553z","1796407302121226537","https://pbs.twimg.com/media/GO4e6dua8AAptF1.jpg","","in","Yogyakarta","0","0","0","https://x.com/JogjaUpdate/status/1796407302121226537","128175561","JogjaUpdate"
"1791069361689760239","Thu May 16 11:33:06 +0000 2024","1"," Lebih dari 4.350 penyedia 7.000 #GPU mendukung FluxEdge di PoUW! Konfigurasi penambangan default Pengalihan otomatis #POW ke PoUW Bergabunglah bersama kami dalam membentuk masa depan #AI #Render dan seterusnya...","1791069361689760239","","","in","Indonesia","0","0","0","https://x.com/Flux_Indonesia_/status/1791069361689760239","1686025150473404418","Flux_Indonesia_"
"1794242211217092897","Sat May 25 05:40:53 +0000 2024","0","I just published Masa Depan AI Menurut Sam Altman: GPT-4 dan Prediksi Perkembangannya https://t.co/2eW2v9jYqW","1794242211217092897","","","in","√úT: 1.298268,103.771425","0","0","0","https://x.com/kukuhtw/status/1794242211217092897","6057282","kukuhtw"
"1795788175446610291","Wed May 29 12:03:59 +0000 2024","0","Ekonom #paulmromer memperingatkan tentang gelembung AI yang berlebihan dengan menyebutkan tantangan kelangkaan data di masa depan. Romer memperkirakan realisasi komunitas dalam waktu dua tahun. #AI #artificiallyinteligence #Cryptocommunity https://t.co/Y54iKoTBF0","1795788175446610291","","","in","Indonesia","0","0","0","https://x.com/coinedition_id/status/1795788175446610291","1702269721767190528","coinedition_id"
"1782782752942911975","Tue Apr 23 14:45:05 +0000 2024","40","Tiga jurusan masa depan menurut @BillGates yaitu Jurusan energi alternatif Bioscience u/ kesehatan dan Pengembangan AI. Di Indonesia kampus mana saja yang sdh ada jurusan ini ya? https://t.co/SnfIKszw08","1782782752942911975","https://pbs.twimg.com/media/GL23dlObEAAE0BC.jpg","","in","Jakarta Capital Region","2","16","8","https://x.com/praburevolusi/status/1782782752942911975","46289037","praburevolusi"
"1798533176304009684","Thu Jun 06 01:51:39 +0000 2024","0","Arm Total Design dan MediaTek siap bentuk masa depan komputasi AI https://t.co/YxlUTBelHP","1798533176304009684","","","in","Jakarta","0","0","0","https://x.com/indotelko/status/1798533176304009684","410485110","indotelko"
"1787824742935994873","Tue May 07 12:40:09 +0000 2024","6","Dua manusia kaya berbeda profesi namun satu tujuan di dalam satu atap. Begini Ramalan Dua Orang Raksasa Teknologi Bill Gates dan Elon Musk tentang Masa Depan AI https://t.co/cv7xHehxpm","1787824742935994873","","","in","Jakarta","1","0","3","https://x.com/AriesTruss/status/1787824742935994873","1603657268574433280","AriesTruss"
"1784200709765992836","Sat Apr 27 12:39:32 +0000 2024","2","Bener melihat masa depan AI di blood free ini cakep betuull cerita dan cgi nya Tp kenapa underrated ya? Ga ada yg bahas teori #BloodFree ?","1784200709765992836","","","in","Pontianak,Indonesia","0","0","1","https://x.com/Lita_dini/status/1784200709765992836","438868333","Lita_dini"
"1787693845553009073","Tue May 07 04:00:01 +0000 2024","2","Program #GoogleIO telah siap! ‚Üí https://t.co/EGQfx5dS7t Bookmark diskusi favorit dan ikuti sesi Android di: Membangun masa depan Wear OS Cara kerja AI generatif terintegrasi di perangkat Android Membangun UI dengan library adaptif Material 3 Dan lainnya!","1787693845553009073","","","in","Indonesia","0","0","1","https://x.com/googledevsid/status/1787693845553009073","743681376361152516","googledevsid"
"1790286992909242822","Tue May 14 07:44:15 +0000 2024","0","&lt;Herd percaya pada masa depan AI bisa digunakan sebagai asisten kencan bagi penggunanya. AI milik¬†satu pengguna akan berbincang dengan AI milik pengguna lain untuk mencari calon pasangan yang pas untuk satu sama lain.&gt;","1790286992909242822","","","in","d/h DKI","0","0","0","https://x.com/dalangdigital/status/1790286992909242822","29380490","dalangdigital"
"1772245279506592246","Mon Mar 25 12:52:56 +0000 2024","0","Bill Gates dan rencananya terhadap masa depan AI Sebuah utas #Lintasarta #Cloudeka #BillGates #MasaDepanAI","1772245279506592246","","","in","","0","1","0","https://x.com/LACloudeka/status/1772245279506592246","1396848032411394051","LACloudeka"
"1794739310413111388","Sun May 26 14:36:10 +0000 2024","0","Prediksi Teknologi Kamera Digital di Masa Depan https://t.co/rn256mA0Nq via @ai_jurnal #kamera #kameradigital #teknologi #kameramirrorless #dslr #aijurnal","1794739310413111388","","","in","Jakarta","0","0","0","https://x.com/ai_jurnal/status/1794739310413111388","1770169721230589952","ai_jurnal"
"1793076322954334374","Wed May 22 00:28:03 +0000 2024","2","Selangkah Menuju Revolusi AI: Inikah Gambaran Masa Depan? https://t.co/LKOFpnmTgT oleh @anvie semoga jadi artikel pembuka diskusi berkelanjutan tentang AI.","1793076322954334374","","","in","bandung, indonesia","0","0","1","https://x.com/wiku/status/1793076322954334374","21754660","wiku"
"1777604807391428708","Tue Apr 09 07:49:47 +0000 2024","17","Kolaborasi @ton_society &amp; @Humancode_AI: bagian dari komitmen #TON thd masa depan di mana identitas digital aman &amp; privat bestie! Menggunakan pemindaian telapak tangan dari ponsel cerdas lbh ramah pengguna serta tdk perlukan peralatan khusus $TON #AI https://t.co/Rbz8qfYaX5","1777604807391428708","","","in","Kota Pekalongan","0","0","10","https://x.com/Stevaniar06/status/1777604807391428708","1361567890932080645","Stevaniar06"
"1797223792797982734","Sun Jun 02 12:46:30 +0000 2024","11","@starfess akuma no ko - ai higuchi gua berasa jadi eren yang lagi rumbling mikirin masa depan nya yang gajadi sama mikasa dan bakal ditebas sama crush sendiri. bulu kuduk merinding berasa jadi tulang punggung keturunan titan dialam bunga-bunga langit aurora hsdjsksk.","1797248424217350372","","starfess","in","","0","0","1","https://x.com/waveonwtnb/status/1797248424217350372","1707424759175405569","waveonwtnb"
"1797204155041464781","Sun Jun 02 09:50:35 +0000 2024","2","Founder and CEO @ionet @shadid_io berbicara tentang 'Membangun Internet GPU' di @token2049 di Dubai &amp; berbagi wawasan untuk masa depan AI &amp; DePIN. Temui dia di @superai_conf pada tanggal 5-6 Juni untuk alpha terbaru @ionet &amp; bertemu tim yg membangun masa depan DePIN untuk ML.","1797204155041464781","","","in","","0","0","0","https://x.com/Donutz_IONET/status/1797204155041464781","1761294712705794048","Donutz_IONET"
"1782387926472810512","Mon Apr 22 12:36:11 +0000 2024","2","1./ @UltiverseDAO TGE semakin dekat. Sejak pertama kali ditemukan pada tahun 2022 hingga saat ini Ultiverse telah menjadi dunia gaming yang berfokus pada AI dan memiliki jaringan mitra yang luas. Peran AI di masa depan tidak dapat disangkal. #UltiChronicles #ULTI https://t.co/nxsUm65VBz","1782387926472810512","https://pbs.twimg.com/media/GLxQX2JbwAAnhuo.jpg","","in","Indonesia","0","1","0","https://x.com/Ryandi_Julian/status/1782387926472810512","2389850958","Ryandi_Julian"
"1786402876878950571","Fri May 03 14:30:10 +0000 2024","0","Prediksi Tentang Masa Depan Global dan Skenario 2050 https://t.co/wzesvLLkcC via @ai_jurnal #future #2050 #aijurnal","1786402876878950571","","","in","Jakarta","0","0","0","https://x.com/ai_jurnal/status/1786402876878950571","1770169721230589952","ai_jurnal"
"1786001241908388083","Thu May 02 11:54:13 +0000 2024","0","I just published Potensi AI Dalam Masa Depan: Refleksi Sam Altman di Stanford University https://t.co/CqkvmyaexD","1786001241908388083","","","in","√úT: 1.298268,103.771425","0","0","0","https://x.com/kukuhtw/status/1786001241908388083","6057282","kukuhtw"
"1795011903712022926","Mon May 27 08:39:22 +0000 2024","149","pilih bisa balik ke masa lalu atau melihat masa depan?","1795011903712022926","","","in","dijantungmu","45","386","3","https://x.com/aiwaslittlegirl/status/1795011903712022926","1166660480074579968","aiwaslittlegirl"
"1781254001243128047","Fri Apr 19 09:30:22 +0000 2024","0","Masa Depan AI sebagai Alat Penunjang Pekerjaan Lawyer - Hukumonline https://t.co/Wle5vbkRCN","1781254001243128047","","","in","Bali","0","0","0","https://x.com/subhi_darajat/status/1781254001243128047","69247882","subhi_darajat"
"1796469149595791627","Fri May 31 09:09:56 +0000 2024","1","Pre-order sekarang untuk merasakan masa depan dari inovasi laptop Artificial Intelligence (AI) dari ASUS. Dapatkan bonus spesial senilai 2 5 juta rupiah untuk pre-order sebelum 19 Juni 2024! Klik di sini untuk pre-order: https://t.co/Ftg4pXKImG atau cek link di Bio kami. https://t.co/ApIcgamCzi","1796469149595791627","https://pbs.twimg.com/media/GO5W-LgaAAAa24-.jpg","","in","(021)1500128","0","2","1","https://x.com/ASUS_Indonesia/status/1796469149595791627","102331975","ASUS_Indonesia"
"1782614820350824659","Tue Apr 23 03:37:47 +0000 2024","34","masa depan dunia surem ... sehari-hari kita dengar keajaiban teknologi termasuk AI. Tapi paradoxnya keajaiban teknologi itu tidak membawa peningkatkan produktivitas. Akibatnya Pertumbuhan ekonomi diramal turun","1782614820350824659","","","in","Jakarta","0","4","12","https://x.com/Aswicahyono/status/1782614820350824659","124798254","Aswicahyono"
"1784210433542668676","Sat Apr 27 13:18:11 +0000 2024","0","Penggunaan AI Tentukan Indonesia di Masa Depan https://t.co/9B7tGmfeCP","1784210433542668676","","","in","Jawa Barat, Indonesia","0","0","1","https://x.com/IDNTimesJabar/status/1784210433542668676","1318853792893300737","IDNTimesJabar"
"1788404885630960110","Thu May 09 03:05:26 +0000 2024","1","Merekayasa masa depan Malaysia dinamik bersama AI Utusan Malaysia | 9 Mei 2024 Baca lanjut di : https://t.co/QkbYi8W1NI @ZambryOfficial @MustaphaSakmud_ @DrZainiUjang #MalaysiaMADANI https://t.co/rnqA6ym161","1788404885630960110","https://pbs.twimg.com/media/GNGwwlGa0AAQbOc.jpg","","in","Putrajaya Federal Territory","0","0","2","https://x.com/MOHEOfficial/status/1788404885630960110","3269551369","MOHEOfficial"
"1797935179174236289","Tue Jun 04 10:15:25 +0000 2024","0","MediaTek Bergabung dengan Arm Total Design untuk Membentuk Masa Depan Komputasi AI https://t.co/wSKCG3vU9t @indoict","1797935179174236289","","","in","INDONESIA","0","0","0","https://x.com/indoict/status/1797935179174236289","957482702","indoict"
"1785344374215426532","Tue Apr 30 16:24:03 +0000 2024","0","Microsoft menginvestasikan 1 7 MILIAR USD untuk infrastruktur AI di Indonesia AI adalah faktor pengubah di masa depan Belajarlah AI dari sekarang jangan hanya terbenam dalam tahayul soal AI... https://t.co/AU05x3zx2I","1785344374215426532","","","in","Bandung, Jawa Barat, Indonesia","1","0","0","https://x.com/dawiguna/status/1785344374215426532","70828230","dawiguna"
"1785263133839200751","Tue Apr 30 11:01:14 +0000 2024","1","AI Berkelanjutan Bakal Menentukan Indonesia di Masa Depan selengkapnya : https://t.co/U9715ra2XD #telkomuniversity #kampusswastaterbaik #creatingthefuture #contributetotheworld #sustainabilityuniversity #entrepreneurialuniversity","1785263133839200751","","","in","Jl. Telekomunikasi No. 1 Bdg","0","0","0","https://x.com/TelUniversity/status/1785263133839200751","1727346757","TelUniversity"
"1798641988285448245","Thu Jun 06 09:04:01 +0000 2024","2","üáÆüá© Indonesia masa depan ekonomi digital kamu didukung oleh #AI! Seperti yang disampaikan oleh Country Director kami di #GoogleCloudSummit Jakarta #GoogleCloud hadir untuk memandu kamu dalam perjalanan ini https://t.co/BP3QbUMBVy","1798641988285448245","https://pbs.twimg.com/media/GPYPWzrWwAANt3I.jpg","","in","Indonesia","0","0","1","https://x.com/GoogleCloud_ID/status/1798641988285448245","1225290542688305152","GoogleCloud_ID"
"1792009159434797436","Sun May 19 01:47:32 +0000 2024","0","Sebutkan sq di rp yang awalannya C YAAA BENAR! https://t.co/WhaSIQi3eZ Ayo join cici untuk masa depan rp yang ni ai wo wo ai ni.... xie xie.... ‚ÄçÔ∏è","1792009159434797436","","","in","‚Çç·ê¢..·ê¢‚Çé üí≠ 2000 ","0","0","0","https://x.com/yehshae/status/1792009159434797436","63081784","yehshae"
"1780456040158359772","Wed Apr 17 04:39:33 +0000 2024","25","Malaysia berkolaborasi bersama NVIDIA dalam pelancaran AI Sandbox di MRANTI Park mencorakkan masa depan teknologi AI üá≤üáæ! https://t.co/i1v2srKIKx","1780456040158359772","https://pbs.twimg.com/media/GLVyeHTaYAABKzM.jpg","","in","Malaysia","0","2","11","https://x.com/changlihkang/status/1780456040158359772","40180523","changlihkang"
"1797934934696587536","Tue Jun 04 10:14:27 +0000 2024","0","MediaTek Bergabung dengan Arm Total Design untuk Membentuk Masa Depan Komputasi AI https://t.co/wSKCG3vU9t via @indoict","1797934934696587536","","","in","INDONESIA","0","0","0","https://x.com/indoict/status/1797934934696587536","957482702","indoict"
"1790771637551583362","Wed May 15 15:50:03 +0000 2024","0","liat ortu2 jaman skrg ngajarin anak2nya casciscus enggres dan les macem2 padahal di masa depan dengan AI skil gituan ga kepake mending ajarinlah anak2mu nyangkul dan ternak lele","1790771637551583362","","","in","jakarta","0","0","0","https://x.com/verozika/status/1790771637551583362","87115034","verozika"
"1790530074955149383","Tue May 14 23:50:10 +0000 2024","0","Datuk Seri Anwar Ibrahim tegaskan tiada keperluan kasino kedua di Malaysia bagi bantu tingkatkan pendapatan negara. Perdana Menteri berkata ini kerana tumpuan kepada transformasi digital peralihan tenaga dan AI sudah mencukupi untuk pertumbuhan masa depan negara. #PMX https://t.co/iHavjDRmip","1790530074955149383","https://pbs.twimg.com/media/GNk9m0dacAAFsq_.jpg","","in","Malaysia","0","0","0","https://x.com/AstroRadioNews/status/1790530074955149383","3314811637","AstroRadioNews"
"1782937035843805373","Wed Apr 24 00:58:09 +0000 2024","1","WPRF 2024 Menkominfo Bicara Masa Depan AI https://t.co/DNWHAZMJA5","1782937035843805373","","","ht","Jakarta, Indonesia","0","0","0","https://x.com/Bisniscom/status/1782937035843805373","118646322","Bisniscom"
"1788800725923115254","Fri May 10 05:18:22 +0000 2024","9","Lupakan AI Storytelling Bakal Jadi Pekerjaan Termahal di Masa Depan https://t.co/c845mXWDl1","1788800725923115254","","","in","Jakarta Capital Region","1","2","3","https://x.com/cnbcindonesia/status/1788800725923115254","847372542830444544","cnbcindonesia"
"1790088156634820705","Mon May 13 18:34:09 +0000 2024","0","android di Era AI hendak Menuju Masa Depan yg Lebih Cerdas atau Kacau? https://t.co/luxWOS3zXd","1790088156634820705","","","in","","0","0","0","https://x.com/idntalk_com/status/1790088156634820705","564951196","idntalk_com"
"1790854432059740459","Wed May 15 21:19:03 +0000 2024","0","Android di Era AI Akan Menuju Masa Depan yang Lebih Cerdas atau Kacau? https://t.co/RyPwj1K78b","1790854432059740459","","","in","Jakarta Pusat, DKI Jakarta","0","0","0","https://x.com/SINDOnews/status/1790854432059740459","231355136","SINDOnews"
"1797214102823354471","Sun Jun 02 10:30:07 +0000 2024","2","Cara Samsung Munculkan Sosok Inovator AI Masa Depan Lewat Program Solve for Tomorrow https://t.co/DXC2MA7mi0 https://t.co/OzWvnHY85f","1797214102823354471","https://pbs.twimg.com/media/GPD8s-obAAAJvne.jpg","","in","","0","0","0","https://x.com/VIVAcoid/status/1797214102823354471","41730943","VIVAcoid"
"1791053568134525283","Thu May 16 10:30:21 +0000 2024","0","Video: Bahas Masa Depan AI China dan AS Saling Sampaikan Keluhan https://t.co/WOBlhvspjQ","1791053568134525283","","","in","Jakarta Capital Region","0","0","0","https://x.com/cnbcindonesia/status/1791053568134525283","847372542830444544","cnbcindonesia"
"1792463164518605307","Mon May 20 07:51:35 +0000 2024","0","Masa Depan Pendidikan Menghadapi Era AI https://t.co/jkFjfZyNc3 #TempoIndonesiana","1792463164518605307","","","in","Jakarta","0","0","0","https://x.com/indonesiana/status/1792463164518605307","250555040","indonesiana"
"1797173489259999262","Sun Jun 02 07:48:44 +0000 2024","0","Samsung Electronics Indonesia mencari anak muda untuk dijadikan inovator AI masa depan dengan hadiah ratusan juta. Begini cara mengikutinya. https://t.co/AN7fblHckN","1797173489259999262","","","in","Jakarta, Indonesia","0","0","1","https://x.com/detikinet/status/1797173489259999262","135815019","detikinet"
"1790775917117390981","Wed May 15 16:07:04 +0000 2024","1","Kampus dengan Jurusan AI di Indonesia dengan Prospek Kerja Tinggi di Masa Depan https://t.co/nT4u037AC7","1790775917117390981","","","in","Jakarta Capital Region","0","0","0","https://x.com/eradotid/status/1790775917117390981","903229236051247104","eradotid"
"1786292135777730749","Fri May 03 07:10:07 +0000 2024","0","Jajaran Direksi Telkomsel Bertemu Satya Nadella Bahas Potensi AI di Masa Depan https://t.co/opM4TDlE1N","1786292135777730749","","","in","","0","0","0","https://x.com/idntalk_com/status/1786292135777730749","564951196","idntalk_com"
"1795285622774747393","Tue May 28 02:47:01 +0000 2024","2","Untuk masa depan AI di üáÆüá©! @UNESCOjakarta &amp; @kemkominfo meluncurkan Metodologi Penilaian Kesiapan #ArtificialIntelligence di Indonesia. Alat ini menjadi landasan untuk menilai dan meningkatkan etika AI secara nasional. üáÆüá© üá∫üá≥ @UNESCO #LeaveNoOneBehind #UNtukIndonesia","1795285622774747393","","","in","Jakarta, Indonesia","0","0","0","https://x.com/UNinIndonesia/status/1795285622774747393","23945213","UNinIndonesia"
"1798283620337193405","Wed Jun 05 11:10:05 +0000 2024","46","@xxenoxxe @sbmptnfess Prospek masa depan sedang mengerikan kalau ga belajar AI","1798311324155589031","","xxenoxxe","in","Kebumen, Indonesia","0","1","0","https://x.com/Lo_Fee00/status/1798311324155589031","1237695505284476928","Lo_Fee00"
"1797901282742829511","Tue Jun 04 11:05:16 +0000 2024","3","@meinmokhtar Tak ada masa depan cemerlang dengan ais. Bersiap lah untuk berlayar sendirian. Jangan jadi org kampung makmur dah bagi notis pun tak nak pindah akhirnya Roboh.","1797947724001878348","","meinmokhtar","in","","0","0","0","https://x.com/PKharshah/status/1797947724001878348","1297312866446368768","PKharshah"
"1787281225666998447","Mon May 06 00:40:24 +0000 2024","0","5 Ramalan Bill Gates Soal Masa Depan Manusia Diubah AI https://t.co/HW9r7AQHYI","1787281225666998447","","","in","Jakarta Capital Region","0","0","0","https://x.com/cnbcindonesia/status/1787281225666998447","847372542830444544","cnbcindonesia"
"1799011069274550442","Fri Jun 07 09:30:37 +0000 2024","5"," Konon semakin tinggi ilmu pengetahuan yang dimiliki seseorang akan semakin tinggi pula imajinasinya tentang masa depan. https://t.co/rBwZswhDaL","1799011069274550442","","","in","Tebuireng - Jombang","0","0","0","https://x.com/tebuirengonline/status/1799011069274550442","517651830","tebuirengonline"
"1792790078403871055","Tue May 21 05:30:37 +0000 2024","0","Game Edukasi Berbasis AI: Inovasi Prof. Hery untuk Masa Depan Pendidikan Anak Indonesia https://t.co/pBPO5CSUr2 via @nawacit4","1792790078403871055","","","in","","0","0","0","https://x.com/nawacitamedia/status/1792790078403871055","3158354773","nawacitamedia"
"1787397868103651816","Mon May 06 08:23:54 +0000 2024","0","AI Gemini Google: Masa Depan Edit Video dan Sensor Gambar https://t.co/UtyX8dVtAV via @nawacit4","1787397868103651816","","","in","Bali, Indonesia","0","0","0","https://x.com/NAWACIT4/status/1787397868103651816","731393598797701125","NAWACIT4"
"1799216545220218972","Fri Jun 07 23:07:06 +0000 2024","0","Masa Depan Industri Hiburan CEO #Netflix Beberkan Potensi AI di Hollywood | #shorts #business https://t.co/OoWcZstdYv","1799216545220218972","","","in","","0","0","0","https://x.com/Fortune_IDN/status/1799216545220218972","1380017096390676483","Fortune_IDN"
"1788391735019929800","Thu May 09 02:13:10 +0000 2024","0","Sundar Pichai Ungkap Strategi dan Masa Depan Google di Era AI https://t.co/32d15t84Ff","1788391735019929800","","","in","Indonesia","0","0","0","https://x.com/kompasiana/status/1788391735019929800","23786106","kompasiana"
"1797773336724099287","Mon Jun 03 23:32:19 +0000 2024","1","Teknologi dron AI kerja masa depan https://t.co/kTPIEq6ghP #BERITA #NASIONAL #PENDIDIKAN #TERKINI #PilihanEditor","1797773336724099287","","","in","Malaysia","0","0","0","https://x.com/UMonline/status/1797773336724099287","42199532","UMonline"
"1786744312166023474","Sat May 04 13:06:54 +0000 2024","0","Revolusi Teknologi Dilancarkan: Microsoft Melabur $2.2 Bilion dalam Awan dan Masa Depan AI Malaysia! #MicrosoftMalaysia #CloudRevolution #AIInnovation #TechInvestment https://t.co/gH2PY0rHdT","1786744312166023474","","","in","","0","0","0","https://x.com/KLSayang/status/1786744312166023474","1184396696211427328","KLSayang"
"1786034298694648134","Thu May 02 14:05:34 +0000 2024","0","Sam Altman: Masa Depan AI Tak Butuh Device Baru #TeknologiAI #SamAltman #CEOOpenAI https://t.co/F0iXhjrw2u https://t.co/d8rjhFgZWn","1786034298694648134","","","in","Jakarta - Indonesia","0","0","0","https://x.com/TechnologueID/status/1786034298694648134","737114089386741760","TechnologueID"
"1787497776709861563","Mon May 06 15:00:54 +0000 2024","0","AI yang semakin canggih dan mampu melakukan berbagai tugas manusia telah menimbulkan pertanyaan tentang relevansi keterampilan manusia di masa depan. https://t.co/C1DG6RFnpo","1787497776709861563","","","in","Jakarta, Indonesia","0","0","1","https://x.com/detikinet/status/1787497776709861563","135815019","detikinet"
"1780434579998102009","Wed Apr 17 03:14:17 +0000 2024","1","ChatGPT Open AI yang telah memprediksi adanya Covid-19 di masa depan adalah HOAKS. Buka tautan untuk lihat faktanya: https://t.co/ZT9WkhBC9h #Jalahoaks #SuksesJakartauntukIndonesia #ChatGPT","1780434579998102009","","","in","","0","0","0","https://x.com/jalahoaks/status/1780434579998102009","1240494242503331840","jalahoaks"
"1788359787291500758","Thu May 09 00:06:14 +0000 2024","0","Merekayasa masa depan Malaysia dinamik bersama AI https://t.co/c2d0i9v1p5 #Premium #Rencana #premium1","1788359787291500758","","","in","Malaysia","0","0","0","https://x.com/UMonline/status/1788359787291500758","42199532","UMonline"
"1794318744766005270","Sat May 25 10:45:00 +0000 2024","1","Sebuah video animasi BrainBridge tentang cangkok leher viral di media sosial belakangan ini. Diklaim bakal jadi solusi berbagai masalah kesehatan di masa depan. Via @detikHealth https://t.co/Q1FRvf7OSh","1794318744766005270","","","in","","0","0","1","https://x.com/detikcom/status/1794318744766005270","69183155","detikcom"
"1784466645341364552","Sun Apr 28 06:16:16 +0000 2024","0","#olimpik #lausanne Walaupun terdapat ancaman daripada perubahan iklim doping yang dipertingkatkan AI atau persaingan daripada e-sukan bos Jawatankuasa Olimpik Antarabangsa (IOC) percaya masa depan kelihatan begitu cerah untuk pergerakan temasya itu. https://t.co/5V0uHvbn7G","1784466645341364552","","","in","Malaysia","0","0","0","https://x.com/hmetromy/status/1784466645341364552","63070015","hmetromy"
